Key,English,Japanese
PROPQUEST_REQUESTBOX_INC_000354,A request for $QUEST_END_ITEM_NAME$s has gone out. Will you accept this quest?,医療関係者が負傷者を治療する包帯を作るために、材料である$QUEST_END_ITEM_NAME$の収集を依頼しました。 依頼を受け付けますか？
PROPQUEST_REQUESTBOX_INC_000359,A request for Grrr Bandages has gone out.,マドリガル製薬からグルバンドエージ45個を依頼された。
PROPQUEST_REQUESTBOX_INC_000370,A request for Amperes has gone out,ドワーフたちの夜間作業のため、アンペア45個を集めよう。
PROPQUEST_REQUESTBOX_INC_000453,A request has gone out for Boopoison to make an antidote. Will you help?,マドリガル製薬ではこの度、胃腸に優しく効き目は早く、しかも水なしで飲める、眠くならない鎮痛剤の開発に着手するそうです。この材料となるブーポッシュ50個を依頼しました。依頼を受けますか？
PROPQUEST_REQUESTBOX_INC_000458,A request has gone out for $QUEST_END_ITEM_NAME$.,$QUEST_END_ITEM_NAME$を集めよう。
PROPQUEST_REQUESTBOX_INC_000519,A request has gone out for Rootioe to be used as woodworking material. Will you help?,森林を守るため、木材にかわる資材としてローティーが注目されています。早速シティホールからローティー55個を依頼されました。依頼を受けますか？
PROPQUEST_REQUESTBOX_INC_000366,You can get $QUEST_END_ITEM_NAME$ from any type of $QUEST_END_ITEM_MON$.,$QUEST_END_ITEM_NAME$はすべての種類の$QUEST_END_ITEM_MON$から収集可能です。
PROPQUEST_REQUESTBOX_INC_000322,You can collect $QUEST_END_ITEM_NAME$ from all types of $QUEST_END_ITEM_MON$.,$QUEST_END_ITEM_NAME$は$QUEST_END_ITEM_MON$から収集可能です。
PROPQUEST_REQUESTBOX_INC_000014,You can collect $QUEST_END_ITEM_NAME$ near a bridge in north.,$QUEST_END_ITEM_NAME$はフラリスから北に進んだ橋の近くで集まるでしょう。
PROPQUEST_REQUESTBOX_INC_000025,You can collect Unknown Certificates near the Bangs.,謎の印はヴァンのいる地域で収集することができます。
PROPQUEST_REQUESTBOX_INC_000091,You can collect nyanyang near the Giant Nyangnyang.,ジャイアントニャングニャングが出没する地域で収集することができます。ジャイアントニャングニャングの大好物なのです。
PROPQUEST_REQUESTBOX_INC_000146,You can collect the office documents near Mias.,シティホールの書類はミーアの棲息地の辺りで収集することができます。
PROPQUEST_REQUESTBOX_INC_000301,You do not want to collect them? Okay.,依頼をキャンセルなさるのですね。あなたならお願い出来ると思ったのですが、残念です。
PROPQUEST_REQUESTBOX_INC_000369,You need more $QUEST_END_ITEM_NAME$.,$QUEST_END_ITEM_NAME$個が足りません。
PROPQUEST_REQUESTBOX_INC_000303,You do not have enough $QUEST_END_ITEM_NAME$.,$QUEST_END_ITEM_NAME$個が足りません。
PROPQUEST_REQUESTBOX_INC_000049,Well done. You have successfully completed the quest.,見事に依頼を成し遂げましたね。お疲れ様です。さあ、依頼の報酬をお受け取りください。
PROPQUEST_REQUESTBOX_INC_000357,Good Job! You successfully completed the quest. Take this for your trouble.,依頼を達成されましたね。さすがです！どうぞ報酬をお受け取り下さい。
PROPQUEST_REQUESTBOX_INC_000362,$QUEST_END_NPC_NAME$ was happy that the quest was completed.,$QUEST_END_NPC_NAME$は依頼の完了を喜び、依頼の書かれた書類に完了のサインをした。
PROPQUEST_REQUESTBOX_INC_000307,$QUEST_END_NPC_NAME$ was happy to see the quest completed.,$QUEST_END_NPC_NAME$は依頼の完了を喜び、依頼の書かれた書類に完了のサインをした。
PROPQUEST_REQUESTBOX_INC_000582,$QUEST_END_NPC_NAME$ is very grateful to you for completing this quest.,$QUEST_END_NPC_NAME$は依頼の完了を喜び、依頼の書かれた書類に完了のサインをした。
PROPQUEST_REQUESTBOX_INC_000001,Party of Is,イスのバーベキューパーティー
PROPQUEST_REQUESTBOX_INC_000002,Is needs you to gather Chupim for her party. Will you help?,バーベキューパーティーでお肉を焼くための材料であるチュピムの収集の依頼がありました。依頼を受け付けますか?
PROPQUEST_REQUESTBOX_INC_000007,Is asking you to collect Chupim for her party.,イスが肉パーティーを開くために肉を焼くことができる材料であるチュピムの収集を依頼した。
PROPQUEST_REQUESTBOX_INC_000012,Unknown Situation (1),不思議な現象 －前編－
PROPQUEST_REQUESTBOX_INC_000013,Flaris Pang needs you collect unknown letters. Will you help?,フラリファンから謎の手紙収集の依頼がありました。依頼を受け付けますか？
PROPQUEST_REQUESTBOX_INC_000018,Flaris Pang wants you to collect $QUEST_END_ITEM_NAME$.,フラリスの北の橋の近くで$QUEST_END_ITEM_NAME$の収集を依頼した。 橋を渡る前に周辺の地面を探してみましょう。
PROPQUEST_REQUESTBOX_INC_000024,Flaris Pang needs you to collect Unknown Certificates. Will you help?,フラリファンから謎の印集めの依頼がありました。依頼を受けますか？
PROPQUEST_REQUESTBOX_INC_000034,Flying Board,ボードの材料集め
PROPQUEST_REQUESTBOX_INC_000035,Dior needs you to collect Peakyrinds. Will you help?,ディオールから、ホバー・ボードの大量生産のためにボードの材料であるピーキーリンドの収集依頼がありました。依頼を受けますか？
PROPQUEST_REQUESTBOX_INC_000040,Dior wants you to collect Peakyrinds.,ディオールがホバーボードの大量生産のためにボードの材料であるピッキーラインドの収集を依頼した。
PROPQUEST_REQUESTBOX_INC_000045,Fresh Start for Mop,子供たちへのプレゼント
PROPQUEST_REQUESTBOX_INC_000046,House of Children needs you to collect Mop for their children. Will you help?,迷子センターのザロストから、子供たちへのプレゼントにデミアンの持つダディーベアを集めて欲しいとの依頼がありました。依頼を受けますか？
PROPQUEST_REQUESTBOX_INC_000051,House of Children wants you to collect 3 Mop.,子供たちのプレゼントの為、3つのデミアン人形モップを集めてほしいと言っています。
PROPQUEST_REQUESTBOX_INC_000056,Gems for Wands,ワンドの材料集め
PROPQUEST_REQUESTBOX_INC_000057,Madrigal Magician Union wants you to collect Poporam for their wands. Will you help?,マドリガル・マジシャン・マスター連合から、ワンドの頭に付ける宝石を製造するためにポポラム収集の依頼がありました。依頼を受けますか？
PROPQUEST_REQUESTBOX_INC_000062,Madrigal Magician Union wants you to collect 4 Poporam.,マドリガル・マジシャン連合で新たなワンドの宝石製造のためにポポラム４つの収集を依頼した。
PROPQUEST_REQUESTBOX_INC_000067,"Cookie Machine, Valin Baget",クッキー製造機「バリンバゲット」
PROPQUEST_REQUESTBOX_INC_000068,Valin needs you to collect Slain to fuel his Cookie Machine. Will you help?,バリンから、クッキー製造機の燃料に必要な勾玉の収集の依頼がありました。依頼を受けますか？
PROPQUEST_REQUESTBOX_INC_000073,Valin needs you to collect Slain for his cookie machine.,ラーウルフたちから、勾玉10個を集めて、依頼所のミキエルに渡しましょう。
PROPQUEST_REQUESTBOX_INC_000078,Magic Quill,魔法の筆記具タブラン
PROPQUEST_REQUESTBOX_INC_000079,Mule wants you to collect Tarin roots so he can make a new magic quill. Will you help?,ミュールが新しい小説を書くための魔法のペン「タブラン」の材料であるタリンの根を探しています。依頼を受けますか？
PROPQUEST_REQUESTBOX_INC_000084,Mule needs you to collect Tarin roots.,ミュールが新しい小説を書くために必要なペンを製作できるタリンの根収集を依頼した。
PROPQUEST_REQUESTBOX_INC_000089,Lyangglatang,ニャングラタン
PROPQUEST_REQUESTBOX_INC_000090,Rooney wants you to collect Nyanyangs for her party. Will you help?,ルニから、お兄さんのルイにプレゼントするニャングラタンを作るために必要なニャンプラー収集の依頼がありました。依頼を受けますか？
PROPQUEST_REQUESTBOX_INC_000095,Rooney needs you to collect Nyanyangs.,ルーニーが兄に贈るニャングラタンを作るために必要なニャニャン収集を依頼した。
PROPQUEST_REQUESTBOX_INC_000100,10 Year anniversary gift,マルシェの開店１０周年プレゼント
PROPQUEST_REQUESTBOX_INC_000101,Marche wants you to collect Starstones to make a 10 year anniversary gift. Will you help?,マルシェから、先代から引き継いだ魔法商店の開店１０周年を記念するプレゼントの制作に必要な、星の石を集めて欲しいとの依頼がありました。依頼を受けますか？
PROPQUEST_REQUESTBOX_INC_000106,Marche needs Starstones,ニャングニャングたちから、星の石を集めよう。
PROPQUEST_REQUESTBOX_INC_000111,Liquor for Dunkan,金色の羽酒
PROPQUEST_REQUESTBOX_INC_000112,Dunkan needs you to collect Golden Wings to make a new liquor. Will you help?,ダンカンが新しいお酒の製造に必要な黄金の羽の収集を依頼しました。依頼を受けますか？
PROPQUEST_REQUESTBOX_INC_000117,Dunkan wants Golden Wings.,ダンカンが新しい酒の製造に必要な黄金の翼の収集を依頼した。
PROPQUEST_REQUESTBOX_INC_000122,Sweet Dessert,甘党デミアン
PROPQUEST_REQUESTBOX_INC_000123,Damian needs you to collect Blue Honey to make a new dessert. Will you help?,いたずらっこデミアンが、ホットケーキにかける青い蜂蜜を探しているようです。依頼を受けますか？
PROPQUEST_REQUESTBOX_INC_000128,Damian needs Blue Honey,ワッグサックたちから、青い蜂蜜15個を集めて、依頼所のミキエルに渡しましょう。
PROPQUEST_REQUESTBOX_INC_000133,Blessed Doll,幸福のお人形
PROPQUEST_REQUESTBOX_INC_000134,House of Children needs you to collect Mia Dolls as presents for the children. Will you help?,迷子センターのザロストが、子供達へのプレゼントに迷子の人形を必要としています。依頼を受けますか?
PROPQUEST_REQUESTBOX_INC_000139,House of Children wants Mia Dolls.,ミーアたちから、迷子の人形17個を集めて、依頼所のミキエルに渡しましょう。
PROPQUEST_REQUESTBOX_INC_000144,Lost Documents,盗まれた書類
PROPQUEST_REQUESTBOX_INC_000145,Julia needs you to collect office documents stolen by the Mias. Will you help?,ジュリアがシティホールの書類をミーアに盗まれてしまったそうです。探して欲しいとのことですが、依頼を受けますか？
PROPQUEST_REQUESTBOX_INC_000150,Julia wants the office documents that the mia stole.,ミーアの棲息地の辺りでシティホールの書類20個を集めて、依頼所のミキエルに渡しましょう。
PROPQUEST_REQUESTBOX_INC_000155,Brightly Burning Flame,溶鉱炉に火をつけろ！
PROPQUEST_REQUESTBOX_INC_000156,Bozman needs you to collect furious matches to use at his blast furnace. Will you help?,ボボコから、溶鉱炉の火種になるマッチが残り少ないとのことで収集の依頼がありました。依頼を受けますか？
PROPQUEST_REQUESTBOX_INC_000161,Bozman wants furious matches,ボボコが炉を使い続けるために劣化マッチの収集を依頼した。
PROPQUEST_REQUESTBOX_INC_000166,Unknown Situation (2),続・フラリファンの依頼
PROPQUEST_REQUESTBOX_INC_000167,Flaris Pang needs you to collect unknown letters.,フラリファンから不思議な手紙の収集の依頼がありました。依頼を受けますか？
PROPQUEST_REQUESTBOX_INC_000172,Flaris Pang needs unknown letters again.,ロードライトの辺りで、不思議な手紙３０個を集めて、依頼所のミキエルに渡しましょう。
PROPQUEST_REQUESTBOX_INC_000177,Delicious Sauce,秘伝のタレ
PROPQUEST_REQUESTBOX_INC_000178,Kalin needs you to collect Cardrin to make delicious sauce.,フードショップのカリンからの依頼です。秘伝のソース「レッドマンティストロロ」を作るために＜みがき石＞が必要とのことです。依頼を受けますか？
PROPQUEST_REQUESTBOX_INC_000183,Kalin wants Cardrin.,フードショップのカリンからの依頼。秘伝のソース「レッドマンティストロロ」を作るために＜みがき石＞が必要です。
PROPQUEST_REQUESTBOX_INC_000188,Magic Orb,魔法の水晶玉
PROPQUEST_REQUESTBOX_INC_000189,Martin needs Hammarble to make a Magic Orb. Will you help?,マーティンが遠見の水晶玉を造るためにハンマーブルを必要としています。依頼を受けますか？
PROPQUEST_REQUESTBOX_INC_000194,Martin wants Hammarbles.,マーティンが遠見の水晶玉を作成するためにハンマーブルを必要としてます。
PROPQUEST_REQUESTBOX_INC_000199,Mark of Bill,Made by ビル
PROPQUEST_REQUESTBOX_INC_000200,Bill needs you to collect Gigglande so that he can make his mark. Will you help?,ビルが、商品に紋章を入れるためにギグランドを必要としています。依頼を受けますか？
PROPQUEST_REQUESTBOX_INC_000205,Bill wants Gigglande.,ビルが自分の店の商品に紋章を入れるためにギグランドを必要としています。
PROPQUEST_REQUESTBOX_INC_000210,Repair Work on Saint Hall,セイントホールの補修工事
PROPQUEST_REQUESTBOX_INC_000211,Helena needs you to collect Crescent Stones to repair Saint Hall. Will you help?,ヘレナからの依頼です。セイントホールの補修工事に月の石が30個必要とのことです。依頼を受けますか？
PROPQUEST_REQUESTBOX_INC_000216,Helena wants $QUEST_END_ITEM_NAME$.,セイントホールの補修に$QUEST_END_ITEM_NAME$が必要です。
PROPQUEST_REQUESTBOX_INC_000221,Helping injured animals,トップブリーダーも推奨
PROPQUEST_REQUESTBOX_INC_000222,Madrigal Animal Association needs you to collect Bobands to help their injured animals. Will you help?,マドリガルトップブリーダー協会からの依頼です。盲導犬の育成のためにボウバンドを30個必要としています。依頼を受けますか？
PROPQUEST_REQUESTBOX_INC_000227,Madrigal Animal Association wants Bobands.,マドリガルトップブリーダー協会が盲導犬育成のためにボウバンドを必要としています。
PROPQUEST_REQUESTBOX_INC_000232,Strange Collector,謎のコレクター・第一の依頼
PROPQUEST_REQUESTBOX_INC_000233,Strange Collector needs you to collect Dumblings for his collection. Will you help?,あるコレクターからダンブリングを30個集めてほしいとの依頼です。依頼を受けますか？
PROPQUEST_REQUESTBOX_INC_000243,For the Wife,妻への贈り物
PROPQUEST_REQUESTBOX_INC_000244,Mayer needs Kalin to make a present for his wife. Will you help?,市長からの依頼です。結婚記念日に奥様に贈るブローチを作るため、カリン・ブローチが35個必要とのことです。依頼を受けますか？
PROPQUEST_REQUESTBOX_INC_000249,Mayer wants Kalin.,市長が妻に贈るブローチを作るため、カリン・ブローチ35個が必要です。
PROPQUEST_REQUESTBOX_INC_000254,Weak Heart,ゼンマイ仕掛けの心臓
PROPQUEST_REQUESTBOX_INC_000255,Helena needs clock hearts to make a new heart for her sick brother. Will you help?,エランス科学技術庁からの依頼です。お手伝いロボット開発研究のために、時計仕掛けの心臓が35個必要とのことです。依頼を受けますか？
PROPQUEST_REQUESTBOX_INC_000265,Devil Marble,悪魔の大理石
PROPQUEST_REQUESTBOX_INC_000266,Bill needs Tomb Marbles to make the Devil Marble. Will you help?,ビルからの依頼です。最高級の大理石「悪魔の大理石」を作るため、大理石の欠片が35個必要とのことです。依頼を受けますか？
PROPQUEST_REQUESTBOX_INC_000271,Bill wants Tomb Marbles.,悪魔の大理石を作るために大理石の欠片が35個必要です。
PROPQUEST_REQUESTBOX_INC_000276,Dream of the Fighter,格闘家のロマン
PROPQUEST_REQUESTBOX_INC_000277,Fighter needs you to collect Golden Fists to make a golden glove. Will you help?,ある格闘家からの依頼です。その昔、伝説のチャンピオンが使っていたと言われるグローブを再び作るため、黄金のこぶし35個が必要とのことです。依頼を受けますか？
PROPQUEST_REQUESTBOX_INC_000282,Fighter wants Golden Fists.,伝説のグローブを作るために黄金のこぶしが35個必要です。
PROPQUEST_REQUESTBOX_INC_000287,Marbles for the Son,誕生日の贈り物
PROPQUEST_REQUESTBOX_INC_000288,Mayer needs orbin to make marbles for his son. Will you help?,市長が子供のお誕生パーティに家を飾りつけるため、オーブが35個必要とのことです。依頼を受けますか？
PROPQUEST_REQUESTBOX_INC_000293,Mayer wants orbin.,誕生日パーティの飾り付けのため、オーブが35個必要です。
PROPQUEST_REQUESTBOX_INC_000298,Strange Collector (2),謎のコレクター・第二の依頼
PROPQUEST_REQUESTBOX_INC_000299,Strange Collector needs you to collect $QUEST_END_ITEM_NAME$ for his collection. Will you help?,あるコレクターの方から$QUEST_END_ITEM_NAME$を集めてほしいとの依頼です。依頼を受けますか？
PROPQUEST_REQUESTBOX_INC_000304,Strange Collector wants $QUEST_END_ITEM_NAME$.,謎のコレクターからの依頼。今回は$QUEST_END_ITEM_NAME$を依頼しました。
PROPQUEST_REQUESTBOX_INC_000309,Lens of Olien,オリーンの眼鏡
PROPQUEST_REQUESTBOX_INC_000310,Olien needs you to collect steam tears to make a new lens. Will you help?,オリーンからの依頼です。像が踏んでも壊れない眼鏡のレンズを製作するために、蒸気の涙が40個必要とのことです。依頼を受けますか？
PROPQUEST_REQUESTBOX_INC_000315,Olien wants steam tears.,眼鏡のレンズを作るために蒸気の涙が40個必要です。
PROPQUEST_REQUESTBOX_INC_000320,Red Muffler,赤いマフラー
PROPQUEST_REQUESTBOX_INC_000321,Soldier needs you to collect knightlers to make a new scarf. Will you help?,警備隊からの依頼です。正義の印である赤いマフラーを制服にするために、ナイトラー40個が必要とのことです。依頼を受けますか？
PROPQUEST_REQUESTBOX_INC_000326,Soldier wants knightler.,警備隊の制服作成のために、ナイトラー40個が必要です。
PROPQUEST_REQUESTBOX_INC_000331,Dwarpet Festival,ドワーペットの祭り
PROPQUEST_REQUESTBOX_INC_000332,The Dwarpet needs you to collect wheeshoes for their festival. Will you help?,ドワーペットからの依頼です。お祭り用に一晩中踊っても踊り疲れない特別な靴を作るため、フィーシューが40個必要とのことです。依頼を受けますか？
PROPQUEST_REQUESTBOX_INC_000337,The Dwarpet wants wheesoes.,お祭り用の靴のため、フィーシュー40個が必要です。
PROPQUEST_REQUESTBOX_INC_000342,Crane Repair,動かないクレーン車
PROPQUEST_REQUESTBOX_INC_000343,The Erons Industrial Manager needs Droil to repair their crane. Will you help?,エランス公団が新しい住宅を建設しているのですが、クレーン車の燃料が不足していて工事が中止になっています。工事を続けるためにドロイル40個が必要とのことです。依頼を受けますか？
PROPQUEST_REQUESTBOX_INC_000348,Erons want Droils.,クレーンの燃料のため、ドロイル40個必要です。
PROPQUEST_REQUESTBOX_INC_000353,Urgently looking for a Bandage,包帯が必要です！
PROPQUEST_REQUESTBOX_INC_000364,Portable Power,夜間の採掘作業
PROPQUEST_REQUESTBOX_INC_000375,Strange Collector (3),謎のコレクター・第三の依頼
PROPQUEST_REQUESTBOX_INC_000386,Replacement Tires,マドリガルに優しいタイヤ
PROPQUEST_REQUESTBOX_INC_000387,The Dwarpet needs you to collect Dumptires to replace his flat tires. Will you help?,ドワーフたちがマドリガル環境保護のために、リサイクル運動を始めました。まずは運搬用台車にダンプタイヤを再生利用するそうです。ダンプタイヤ45個を依頼されましたが受けますか？
PROPQUEST_REQUESTBOX_INC_000392,The Dwarpet wants Dumptire.,ドワーフたちのリサイクル運動のため、ダンプタイヤ45個を集める。
PROPQUEST_REQUESTBOX_INC_000397,Strange Collector (4),謎のコレクター・第四の依頼
PROPQUEST_REQUESTBOX_INC_000398,Mysterious collector needs Garbageton for his collection. Will you help?,あるコレクターからガーベイジストーンの依頼がありました。依頼を受けますか？
PROPQUEST_REQUESTBOX_INC_000408,Relics of a Husband,セレブの宝石集め
PROPQUEST_REQUESTBOX_INC_000409,A widow has asked that you collect Eronior so that she can re-make the ring of her husband. Will you help?,あるセレブな奥様が趣味の宝石集めをしているのですが、今度はエラニアーでネックレスを作るとの事で45個を依頼してきました。優雅でいいですねぇ。依頼を受けますか？
PROPQUEST_REQUESTBOX_INC_000414,A widow wants some Eronior.,エラニアーのネックレスを作るため、エラ二アー45個を依頼された。
PROPQUEST_REQUESTBOX_INC_000419,Disguise of Remina,リマインのサングラス
PROPQUEST_REQUESTBOX_INC_000420,Remina needs you to collect repygle to make a pair of disguising sunglasses. Will you help?,リマインが、UV効果を備えた戦闘用サングラスを作るため、材料になるレピゴーグル45個を依頼しました。やはり武器を扱っていても女性ですねぇ。依頼を受け取りますか？
PROPQUEST_REQUESTBOX_INC_000425,Remina wants $QUEST_END_ITEM_NAME$.,リマインがUVサングラスを作るため、$QUEST_END_ITEM_NAME$の収集を依頼した。
PROPQUEST_REQUESTBOX_INC_000430,Beautiful Keil Wallpaper,シケイルの壁紙
PROPQUEST_REQUESTBOX_INC_000431,Haven needs you to collect Sycale to re-model the Magic Shop. Will you help?,ヘブンがこのたび魔法ショップの内装をリフォームをするそうです。そこで壁紙に使用するためのシケイル45個を依頼しました。シケイルの壁紙なんて神秘的ですね。依頼を受けますか？
PROPQUEST_REQUESTBOX_INC_000436,Heaven wants Sycale.,ヘブンが魔法ショップのリフォームのため、壁紙を作るに必要なシケイル45個の収集を依頼した。
PROPQUEST_REQUESTBOX_INC_000441,Strange Collector (5),謎のコレクター・第五の依頼
PROPQUEST_REQUESTBOX_INC_000442,Strange Collector needs $QUEST_END_ITEM_NAME$ for his collection. Will you help?,あるコレクターが今度は $QUEST_END_ITEM_NAME$の収集を依頼してきました。コレクターって不思議なものを集めるんですね…。依頼を受けますか？
PROPQUEST_REQUESTBOX_INC_000447,Strange collector want Mong Tear,謎のコレクターがモン・ティアー50個の収集を依頼した。
PROPQUEST_REQUESTBOX_INC_000452,Anesthetic Needs,毒から薬！？
PROPQUEST_REQUESTBOX_INC_000463,New Kind of Firework,打ち上げ花火
PROPQUEST_REQUESTBOX_INC_000464,The Fireworks Producer needs Bomb Timers to make a new kind of firework. Will you help?,マドリガル花火師連合からの依頼です。新作花火を製作するためにボム・タイマー50個の依頼がありました。依頼を受けますか？
PROPQUEST_REQUESTBOX_INC_000465,You get bombtimers from any type of Carrierbomb.,ボム・タイマーはキャリアボム族から収集できます。
PROPQUEST_REQUESTBOX_INC_000469,The Firework Producer wants Bomb Timers.,花火師組合が、新作花火を作るため、ボム・タイマー50個の収集を依頼した。
PROPQUEST_REQUESTBOX_INC_000474,Snack for the Children,デザートの飾り付け
PROPQUEST_REQUESTBOX_INC_000475,Bolpor needs Prewing to make some snacks for the children. Will you help?,ボルパーからの依頼です。デザートの飾りつけの材料プレウイングを依頼しました。依頼を受けますか？
PROPQUEST_REQUESTBOX_INC_000480,Bolpor wants Prewing.,ボルパーがデザートの飾り付けのため、プレウイングを依頼した。
PROPQUEST_REQUESTBOX_INC_000485,Mushroom Farm of Chitller,シトレーのキノコ農場
PROPQUEST_REQUESTBOX_INC_000486,Chitller needs you to collect Poiespore for his mushroom farm will you help?,シトレーがこの度キノコ農場の経営に乗り出すそうです。退役軍人も大変ですね。そこで、キノコ栽培に必要なポイスポア50個を依頼されました。依頼を受けますか？
PROPQUEST_REQUESTBOX_INC_000491,Chitller wants Poiespore.,シトレーがキノコ農場を作るために必要なポイスポア50個の収集を依頼した。
PROPQUEST_REQUESTBOX_INC_000496,New Yo-Yo,新・必殺ヨーヨー
PROPQUEST_REQUESTBOX_INC_000497,An Acrobat master needs you to gather Renyken to make a new Yo-Yo. Will you help?,アクロバットマスターたちが、さらに強い武器を求めて新しいヨーヨーを作るそうです。上手くいくといいですね。そこでレ二キン55個を依頼されました。依頼を受けますか？
PROPQUEST_REQUESTBOX_INC_000502,An Acrobat master wants Renyken.,アクロバットマスターたちが、新しい武器を作るため、レ二キン55個の収集を依頼した。
PROPQUEST_REQUESTBOX_INC_000507,Disguise of a Native,身を守る知恵
PROPQUEST_REQUESTBOX_INC_000508,Darkon natives need you to collect Tangkask. Will you help?,ダーコンに住む人々が、モンスターの危険から身を守るため、タンマスクをかぶって外出するのが流行っているそうです。そこでタンマスク55個の収集を依頼されました。依頼を受けますか？
PROPQUEST_REQUESTBOX_INC_000513,Darkon natives want Tankask.,ダーコンの住民たちが、モンスターの危険から抜けるため、タンカスクの収集を依頼した。
PROPQUEST_REQUESTBOX_INC_000518,Woodworking Material,森林保護
PROPQUEST_REQUESTBOX_INC_000529,The Best Shield,どんな槍も通さない盾
PROPQUEST_REQUESTBOX_INC_000530,Remina needs Luchest to make the strongest shield in the world. Will you help?,ロッキーが、世界で一番強力な盾の製作に兆戦するそうです。そこで、材料となるラチェスト60個の依頼が来ました。依頼を受けますか？
PROPQUEST_REQUESTBOX_INC_000540,Beauty Contest Award,ミス・マドリガルの賞品
PROPQUEST_REQUESTBOX_INC_000541,The Madrigal Beauty Contest needs Eronsimint for making an award. Will you help?,ミス・マドリガルコンテストでは、優勝賞品としてなんと優勝者の胸像を作るそうです。私も出ようかしら…。ああ、えっと。そこで、胸像の材料になるイロンシムの収集を依頼しました。依頼を受け取りますか？
PROPQUEST_REQUESTBOX_INC_000546,The Madrigal Beauty Contest sponsor wants Eronsimint.,ミス・マドリガルコンテストの優勝賞品としてあげる胸像を作るために必要なイロンシム60個を集める。
PROPQUEST_REQUESTBOX_INC_000551,Lucky Tool,ロッキーの七つ道具
PROPQUEST_REQUESTBOX_INC_000552,Lucky needs Hammamer to make a lucky hammer. Will you help?,ロッキーが自分の作業道具を全て新しくしたいとのことで、ハンマハンマー60個を依頼してきました。依頼を受けますか？
PROPQUEST_REQUESTBOX_INC_000557,Lucky wants Hammamer.,ロッキーが自分の作業道具を全て新しく作るため、ハンマハンマー60個の収集を依頼した。
PROPQUEST_REQUESTBOX_INC_000562,Strange Collector (6),謎のコレクター・第六の依頼
PROPQUEST_REQUESTBOX_INC_000573,Request of Lurif,ルリフのお願い
PROPQUEST_REQUESTBOX_INC_000574,Could you do me a favor? I need Phanbubble. Can you help me please?,私のお願いを聞いてください。 ファンブブルが100個必要なのです。何に使うかって？　…それを聞かずに、黙って依頼を受けていただけませんか？　もちろん報酬は払います
PROPQUEST_REQUESTBOX_INC_000579,Lurif needs many Phanbubbles.,理由は知らないが、ルリフが ファンブブルの収集を依頼した。その数100個。結構多いなあ。
PROPQUEST_REQUESTBOX_INC_000815,Mysterious Magic Material,ドンフックを集めて！
PROPQUEST_REQUESTBOX_INC_000816,Magician Master requested you to collect Merahook which is a magic material. Will you accept this request?,･･･何も理由は聞かないでくださいです。私のためにドンフックを集めてきてもらえますか？
PROPQUEST_REQUESTBOX_INC_000817,You can collect them from the group of Chimeradon in the Deadwallderness.,キメラドン族が持っているのですよ。よろしくおねがいしますです。
PROPQUEST_REQUESTBOX_INC_000826,Avenge Nerky,ハニーメインを集めて！
PROPQUEST_REQUESTBOX_INC_000827,Krinton's pet Bearnerky got killed by the other Bearnerky. Krinton requested you to collect NerkyMane for revenge. Will you accept this request?,･･･何も理由は聞かないでくださいです。私のためにハニーメインを集めてきてもらえますか？
PROPQUEST_REQUESTBOX_INC_000828,You can collect them from the group of Bearnerky in the Deadwallderness.,ハニーシーカー族が持っているのですよ。よろしくおねがいしますです。
PROPQUEST_REQUESTBOX_INC_000837,Bolpor's favor,リンクルイットを集めて！
PROPQUEST_REQUESTBOX_INC_000838,Bolpor requested you to collect Rincruet for making some special food. Will you accept this request?,･･･何も理由は聞かないでくださいです。私のためにリンクルイットを集めてきてもらえますか？
PROPQUEST_REQUESTBOX_INC_000839,You can collect them from the group of Muffrin in the Deadwallderness.,マフリン・シェフらが持っているのですよ。よろしくおねがいしますです。
PROPQUEST_REQUESTBOX_INC_000848,Toy Materials,ハーレーシフトを集めて！
PROPQUEST_REQUESTBOX_INC_000849,A toy merchant requested you to collect Popshift for making fancy toys. Will you accept this request?,･･･何も理由は聞かないでくださいです。私のためにハーレーシフトを集めてきてもらえますか？
PROPQUEST_REQUESTBOX_INC_000850,You can collect them from the group of Popcrank in the Deadwallderness.,ポップクランク族が持っているのですよ。よろしくおねがいしますです。
PROPQUEST_REQUESTBOX_INC_000859,Evil Eyed Red Dragon,ドラゴンの牙を集めて！
PROPQUEST_REQUESTBOX_INC_000860,Can you please go find Dragon Tooth of the Meteonyker Dragon for me? The Arena Manager Lay requested 5 of them.,･･･何も理由は聞かないでくださいです。私のためにドラゴンの牙を集めてきてもらえますか？
PROPQUEST_REQUESTBOX_INC_000861,"You can collect them from Meteonyker. I heard it's in Dekane Dungeon. Be careful, the Meteonyker is very strong! It's  best if you go with a party!",メテオニカが持っています。よろしくおねがいしますです。
PROPQUEST_REQUESTBOX_INC_010000,Moth Infestation,蛾の発生
PROPQUEST_REQUESTBOX_INC_010001,Tina asked for help with reducing the Mothbee population as they're causing problems with transport. Could you kill 15 of them?,ティナから、輸送経路に＜モスビー＞が大量発生して問題になっているので、数を減らしてほしいという依頼がありました。15匹ほど討伐してきていただけませんか？
PROPQUEST_REQUESTBOX_INC_010002,You can find Mothbee flying inbetween Northern Saint City & Flaris.,モスビーは、セイントモーニング北部とフラリス間の上空に出現しています。
PROPQUEST_REQUESTBOX_INC_010003,You don't want to help? That's okay. We'll find somebody else.,手伝わないんですね。大丈夫ですよ、他の人を探します。
PROPQUEST_REQUESTBOX_INC_010004,You haven't finished the task yet.,まだ終えられていないようですよ。
PROPQUEST_REQUESTBOX_INC_010005,Mutated Aibatts,豹変したアイバット
PROPQUEST_REQUESTBOX_INC_010006,Tina has reported a new kind of Masquerpet called Zendros. Please could you kill 15 of them?,ティナから新種のモンスター＜ゼンドロス＞の報告がありました。お願いです、15匹討伐していただけませんか？
PROPQUEST_REQUESTBOX_INC_010007,You can find Zendros flying between Flaris and Saint morning continents.,フラリスとセイントモーニングの大陸を行き来すると、ゼンドロスが出現しているはずです。
PROPQUEST_REQUESTBOX_INC_010008,Dragonflies,トンボの大群
PROPQUEST_REQUESTBOX_INC_010009,Tina asked for help with reducing the Neparuba population as they're causing problems with transport. Could you kill 15 of them?,ティナから、輸送経路に＜ネパルバ＞が大量発生して問題になっているので、数を減らしてほしいという依頼がありました。15匹ほど討伐してきていただけませんか？
PROPQUEST_REQUESTBOX_INC_010010,You can find Neparuba flying between Flaris and Saint morning continents.,ネパルバはフラリスとセイントモーニングの大陸間で飛行しているはずです。
PROPQUEST_REQUESTBOX_INC_010011,Flybrigen Brigade,フリビーリーズンの大群
PROPQUEST_REQUESTBOX_INC_010012,Tina asked for help with reducing the Flybrigen population as they're causing problems with transport. Could you kill 15 of them?,ティナから、輸送経路に＜フリビーリーズン＞が大量発生して問題になっているので、数を減らしてほしいという依頼がありました。15匹ほど討伐してきていただけませんか？
PROPQUEST_REQUESTBOX_INC_010013,You can find Flybrigen flying between Saint Morning and Garden of Rhisis continents.,フリビーリーズンはセイントモーニングとリシスの庭に発生しています。
PROPQUEST_REQUESTBOX_INC_010014,Moth Infestation (2),蛾の発生 (2)
PROPQUEST_REQUESTBOX_INC_010015,Tina is asking for further help regarding the Mothbee infestation. Could you get rid of the Lord Mothbee?,ティナがモスビーの大量発生についてさらなる助けを求めています。ロード・モスビーを退治してもらえますか？
PROPQUEST_REQUESTBOX_INC_010016,You can find the Lord Mothbee flying inbetween Northern Saint City & Flaris.,ロード・モスビーは、セイントシティ北部とフラリスの間を飛び回っています。
PROPQUEST_REQUESTBOX_INC_010017,Mutated Aibatts (2),豹変したアイバット (2)
PROPQUEST_REQUESTBOX_INC_010018,Tina is asking for further help regarding the Zendros threat. Could you get rid of the Lord Zendros?,ティナがゼンドロスの脅威についてさらなる助けを求めています。ロード・ゼンドロスを退治してもらえますか？
PROPQUEST_REQUESTBOX_INC_010019,You can find the Lord Zendros flying between Flaris and Saint morning continents.,ロード・ゼンドロスは、フラリスとセイントモーニング大陸の間を飛び回っています。
PROPQUEST_REQUESTBOX_INC_010020,Dragonflies (2),トンボの大群 (2)
PROPQUEST_REQUESTBOX_INC_010021,Tina is asking for further help regarding the Neparuba threat. Could you get rid of the Lord Neparuba?,ティナがネパルバの脅威についてさらなる助けを求めています。ロード・ネパルバを退治してもらえますか？
PROPQUEST_REQUESTBOX_INC_010022,You can find the Lord Neparuba flying between Flaris and Saint morning continents.,ロード・ネパルバは、フラリスとセイントモーニング大陸の間を飛び回っています。
PROPQUEST_REQUESTBOX_INC_010023,Flybrigen Brigade (2),フリビーリーズンの大群 (2)
PROPQUEST_REQUESTBOX_INC_010024,Tina is asking for further help regarding the Flybrigen threat. Could you get rid of the Lord Flybrigen?,ティナがフリビーリーズンの脅威についてさらなる助けを求めています。ロード・フリビーリーズンを退治してもらえますか？
PROPQUEST_REQUESTBOX_INC_010025,You can find the Lord Flybrigen flying between Saint Morning and Garden of Rhisis continents.,ロード・フリビーリーズンは、セイントモーニングとリシスの庭園大陸の間を飛び回っています。
PROPQUEST_REQUESTBOX_INC_010026,Flying Circus,空飛ぶサーカス
PROPQUEST_REQUESTBOX_INC_010027,Dior asked for help with reducing the Rockepeller population as they're causing problems with transport between Darkon & Flaris. Could you kill 15 of them?,ディオールから、ロケッペラーの数を減らしてほしいと頼まれています。ダーコンとフラリス間の輸送に支障をきたしているとのことです。15体討伐していただけませんか？
PROPQUEST_REQUESTBOX_INC_010028,You can find Rockepeller flying between Flaris and Darkon continents.,ロケッペラーは、フラリスとダーコン大陸の間を飛び回っています。
PROPQUEST_REQUESTBOX_INC_010029,Zenma Hunting,ゼンマー ハンティング
PROPQUEST_REQUESTBOX_INC_010030,Almani asked for help with reducing the Zenma population as they're causing problems with forestation in Gouthan Mountains. Could you kill 15 of them?,アルマーニから、ゴウダン山脈の植林に支障をきたしているので、ゼンマーの数を減らす協力をしてほしいとの依頼がありました。15匹だけでよいので、討伐してきていただけないでしょうか？
PROPQUEST_REQUESTBOX_INC_010031,You can find Zenma flying above Gouthan Mountains.,ゼンマーはゴウダン山脈上空を飛びまわっています。
PROPQUEST_REQUESTBOX_INC_010032,"Hey look, a flying rat!",ほら見てみろ！ねずみが空を飛んでんぞ！
PROPQUEST_REQUESTBOX_INC_010033,"Almani asked for Longwings to be exterminated, as they have been attacking civilians. Could you kill 15 of them?",アルマーニから、＜ロングウィング＞が民間人を攻撃しているので駆除してほしいと依頼を受けています。15体討伐していただけませんか？
PROPQUEST_REQUESTBOX_INC_010034,You can find Longwings flying South-East of the Clockworks Cage in the mountains.,クロックワークスの永久牢獄の南東の山中にロングウィングは飛んでいます。
PROPQUEST_REQUESTBOX_INC_010035,Baby Meteonyker,小さなメテオニカ
PROPQUEST_REQUESTBOX_INC_010036,"Almani asked for Fafnirs to be exterminated, before they grow into Dragons! Please could you kill 15 of them?",アルマニからの依頼で、ドラゴンになる前に＜ファフニール＞を退治してくれ...とのことでした。私からもお願いです。15匹討伐していただけないでしょうか？
PROPQUEST_REQUESTBOX_INC_010037,"You can find Fafnirs flying near the Volcano in Darkon 3, Brekin.",ファフニールはダーコン3のブレッキン火山周辺に飛んでいるはずです。
PROPQUEST_REQUESTBOX_INC_010038,Prehistoric Birds,先史時代の鳥類
PROPQUEST_REQUESTBOX_INC_010039,Almani asked for Gorrudas to be exterminated. They are an imminent threat! Please could you kill 15 of them?,アルマーニから、＜ゴルーダ＞の討伐依頼です。このモンスターは危険なモンスターだとのことです。お願いです、15体討伐してきていただけませんか？
PROPQUEST_REQUESTBOX_INC_010040,"You can find Gorrudas flying West of the Deadwallderness, over the mountains.",ゴルーダは、デッドウィルダニス砂漠の西側の山周辺を飛んでいます。
PROPQUEST_REQUESTBOX_INC_010041,Flying Circus (2),空飛ぶサーカス (2)
PROPQUEST_REQUESTBOX_INC_010042,Dior asked for further help regarding the Rockepeller threat. Could you get rid of the Lord Rockepeller?,ディオールがロケッペラーの脅威についてさらなる助けを求めています。ロード・ロケッペラーを退治してもらえますか？
PROPQUEST_REQUESTBOX_INC_010043,You can find the Lord Rockepeller flying between Flaris and Darkon continents.,ロード・ロケッペラーは、フラリスとダーコン大陸の間を飛び回っています。
PROPQUEST_REQUESTBOX_INC_010044,"Hey look, a flying rat! (2)",ほら見てみろ！ねずみが空を飛んでんぞ！ (2)
PROPQUEST_REQUESTBOX_INC_010045,Almani asked for further help regarding the Longwings threat. Could you get rid of the Lord Longwing?,アルマーニがロングウィングの脅威についてさらなる助けを求めています。ロード・ロングウィングを退治してもらえますか？
PROPQUEST_REQUESTBOX_INC_010046,You can find the Lord Longwing flying South-East of the Clockworks Cage in the mountains.,ロード・ロングウィングは、山岳地帯にあるクロックワークスの永久牢獄の南東を飛び回っています。
PROPQUEST_REQUESTBOX_INC_010047,Baby Meteonyker (2),小さなメテオニカ (2)
PROPQUEST_REQUESTBOX_INC_010048,Almani asked for further help regarding the Fafnir threat. Could you get rid of the Lord Fafnir?,アルマーニがファフニールの脅威についてさらなる助けを求めています。ロード・ファフニールを退治してもらえますか？
PROPQUEST_REQUESTBOX_INC_010049,"You can find the Lord Fafnir flying near the Volcano in Darkon 3, Brekin.",ロード・ファフニールは、ダーコン3のブレッキンにある火山付近を飛び回っています。
PROPQUEST_REQUESTBOX_INC_010050,Prehistoric Birds (2),先史時代の鳥類 (2)
PROPQUEST_REQUESTBOX_INC_010051,Almani asked for further help regarding the Gorruda threat. Could you get rid of the Lord Gorruda?,アルマーニがゴルーダの脅威についてさらなる助けを求めています。ロード・ゴルーダを退治してもらえますか？
PROPQUEST_REQUESTBOX_INC_010052,"You can find the $QUEST_END_KILL_NAME$ flying West of the Deadwallderness, over the mountains.",$QUEST_END_KILL_NAME$ は、デッドウィルダニス砂漠の西側、山の上を飛んでいるを飛んでいるはずです。
PROPQUEST_REQUESTBOX_INC_010053,Zenma Hunting (2),ゼンマー ハンティング (2)
PROPQUEST_REQUESTBOX_INC_010054,Almani asked for further help regarding the Zenma threat. Could you get rid of the Lord Zenma?,アルマーニがゼンマーの脅威についてさらなる助けを求めています。ロード・ゼンマーを退治してもらえますか？
PROPQUEST_REQUESTBOX_INC_010055,You can find the Lord Zenma flying above Gouthan Mountains.,ロード・ゼンマーは、ゴウダン山脈の上空を飛び回っています。
PROPQUEST_REQUESTBOX_INC_020000,You can get $QUEST_END_ITEM_NAME$ from any type of Chimeradon.,$QUEST_END_ITEM_NAME$は、どのキメラドンからでも獲得できます。
PROPQUEST_REQUESTBOX_INC_020001,You can get $QUEST_END_ITEM_NAME$ from any type of Bearnerky.,$QUEST_END_ITEM_NAME$は、どのハニーシーカーからでも獲得できます。
PROPQUEST_REQUESTBOX_INC_020002,You can get $QUEST_END_ITEM_NAME$ from any type of Muffrin.,$QUEST_END_ITEM_NAME$ をマフリン・シェフたちから集める。
PROPQUEST_REQUESTBOX_INC_020003,You can get $QUEST_END_ITEM_NAME$ from any type of Popcrank.,$QUEST_END_ITEM_NAME$ をポップクランクたちから集める。
PROPQUEST_REQUESTBOX_INC_020004,You can collect $QUEST_END_ITEM_NAME$ from all types of Red Mantis.,$QUEST_END_ITEM_NAME$は、どのレッドマンティスからでも獲得できます。
PROPQUEST_REQUESTBOX_INC_020005,Obsessed with Crystals! (1),クリスタルに夢中！(1)
PROPQUEST_REQUESTBOX_INC_020006,Obsessed with Crystals! (2),クリスタルに夢中！(2)
PROPQUEST_REQUESTBOX_INC_020007,Obsessed with Crystals! (3),クリスタルに夢中！(3)
PROPQUEST_REQUESTBOX_INC_020008,Obsessed with Crystals! (4),クリスタルに夢中！(4)
PROPQUEST_REQUESTBOX_INC_020009,Obsessed with Crystals! (5),クリスタルに夢中！(5)
PROPQUEST_REQUESTBOX_INC_020010,Crystals! Hmmm.... $QUEST_END_ITEM_NAME$s! Could you please bring me some $QUEST_END_ITEM_NAME$!?,クリスタル!! うーん... $QUEST_END_ITEM_NAME$! $QUEST_END_ITEM_NAME$を持ってきてくれませんか!?
PROPQUEST_REQUESTBOX_INC_020011,You can get $QUEST_END_ITEM_NAME$ from any type of Medumet.,どの種類のメデュメットからでも $QUEST_END_ITEM_NAME$ を入手できます。
PROPQUEST_REQUESTBOX_INC_020012,You can get $QUEST_END_ITEM_NAME$ from any type of Yetti.,どのタイプのイエティからでも $QUEST_END_ITEM_NAME$ を入手できます。
PROPQUEST_REQUESTBOX_INC_020013,You can get $QUEST_END_ITEM_NAME$ from any type of Augu.,$QUEST_END_ITEM_NAME$ は、どのタイプのアウグからでも入手できます。
PROPQUEST_REQUESTBOX_INC_020014,You can get $QUEST_END_ITEM_NAME$ from any type of Ghost of the Forgotten.,$QUEST_END_ITEM_NAME$ は、どのタイプのゴーストからでも入手できます。
PROPQUEST_REQUESTBOX_INC_020015,You can get $QUEST_END_ITEM_NAME$ from any type of Mammoth.,どの種類のマンモスからでも $QUEST_END_ITEM_NAME$ を入手できます。
PROPQUEST_REQUESTBOX_INC_020016,You did it! Hooray! Here's your reward. Come back soon!,やったね！やったね！これはほんのお礼！また来てね！
PROPQUEST_REQUESTBOX_INC_020017,More! More!,もっと！もっと！
PROPQUEST_REQUESTBOX_INC_020018,Bring Broken Wings,折れた翼を持ってこい
PROPQUEST_REQUESTBOX_INC_020019,Tigar Bites,タイガーバイツ
PROPQUEST_REQUESTBOX_INC_020020,Googly-Eyed Gogloo,グーグリーアイド・ゴグルー
PROPQUEST_REQUESTBOX_INC_020021,Nippy Waters,ニッピーウォーターズ
PROPQUEST_REQUESTBOX_INC_020022,Hard Shell of the Creper,クレーパーのハードシェル
PROPQUEST_REQUESTBOX_INC_020023,Crumbly Purple Essence,もろいパープルエッセンス
PROPQUEST_REQUESTBOX_INC_020024,A Gray Picture of Dorian,ドリアンの灰色の写真
PROPQUEST_REQUESTBOX_INC_020025,King of Coral Island,珊瑚島の王
PROPQUEST_REQUESTBOX_INC_020026,Letter in a Bottle,ボトルの中の手紙
PROPQUEST_REQUESTBOX_INC_020027,Hello adventurer... would you bring me $QUEST_END_ITEM_NAME$ from the Atrox? I want to build giant wings I can soar the skies with! Bring me all you can find...,こんにちは冒険者..アトロックスから$QUEST_END_ITEM_NAME$を持ってきてくれませんか?空を飛ぶことができる巨大な翼を作りたい!あなたが見つけることができるすべてを持ってきてください..
PROPQUEST_REQUESTBOX_INC_020028,Tigars are known to have some of the strongest teeth in all of Madrigal. If you come across $QUEST_END_ITEM_NAME$ could you bring me a few? I'm crafting a giant dagger... it'll be HUGE!,タイガーは、マドリガル全土で最も強い歯を持っていることで知られています。$QUEST_END_ITEM_NAME$に出くわしたら、いくつか持ってきてもらえますか?巨大な短剣を作っています。それは巨大になるでしょう!
PROPQUEST_REQUESTBOX_INC_020029,The glass inside a Meral's $QUEST_END_ITEM_NAME$ can enhance a person's vision thrice their normal spotting distance. Collect me enough and I could build a telescope to peer halfway across the globe!,メレーの$QUEST_END_ITEM_NAME$の内側のガラスは、通常のスポッティング距離の3倍の視界を強化できます。私を集めれば、地球の裏側を覗き込むための望遠鏡を作ることができます!
PROPQUEST_REQUESTBOX_INC_020030,"All this inventing has me famished! Could you go get me some of the Kingster's $QUEST_END_ITEM_NAME$? We'll eat like kings! Don't worry, I'll share...",このすべての発明は私を飢えさせました!キングスターの$QUEST_END_ITEM_NAME$をもらってきてくれませんか?王様のように食べます!心配しないで、私は共有します..
PROPQUEST_REQUESTBOX_INC_020031,"After all that seafood I couldn't eat another bite! For this next invention, I need $QUEST_END_ITEM_NAME$ from the large crabs called Creper. From their hard carapace I will craft the strongest of armors. I forsee a fate in which doning this armor will save Coral Island!",あれだけの魚介類を食べた後、もう一口食べられませんでした!この次の発明のために、クリーパーという大きなカニの$QUEST_END_ITEM_NAME$が必要です。奴らの硬い甲殻から最強の鎧を作ろう。この鎧を身に着けることで珊瑚島が救われる運命を予見する!
PROPQUEST_REQUESTBOX_INC_020032,"The Naga are powerful warriors of the sea... their $QUEST_END_ITEM_NAME$ are said to hold magical powers that can be used to harness purple energy. I have a healthy fear of Purple Magic, but what doesn't kill you only makes you stronger.",ナーガは海の強力な戦士です。彼らの$QUEST_END_ITEM_NAME$は、紫色のエネルギーを利用するために使用できる魔法の力を持っていると言われています。私はパープルマジックを健全に恐れているが、あなたを殺さないものはあなたを強くするだけだ。
PROPQUEST_REQUESTBOX_INC_020033,The Dorian have risen from the seas around our island! Please defeat them and collect their $QUEST_END_ITEM_NAME$ as proof. My inventions can only hold them back for so long...,ドリアンが私たちの島の周りの海から上昇しました!彼らを倒し、証拠として$QUEST_END_ITEM_NAME$を回収してください。私の発明は、彼らを長く引き留めることしかできません。
PROPQUEST_REQUESTBOX_INC_020034,"The $QUEST_END_ITEM_NAME$ of the Okean must be mine! I know having their crown won't make me a king, but it will put me on the path of my dream. To be King of Coral Island!",オケアノスの$QUEST_END_ITEM_NAME$は私のものに違いない!彼らの王冠をかぶったからといって王になれるわけではないことはわかっているが、夢の道を歩むことはできる。珊瑚島の王になろう!
PROPQUEST_REQUESTBOX_INC_020035,"With the $QUEST_END_ITEM_NAME$ from the Kraken, I could finally write to all my friends across the oceans. There's never enough time to keep up with everyone...",クラーケンの$QUEST_END_ITEM_NAME$のおかげで、ようやく海の向こうの友達全員に手紙を書くことができました。みんなに追いつくのに十分な時間はありません..
PROPQUEST_REQUESTBOX_INC_020036,You may find $QUEST_END_ITEM_NAME$ from any of the Atrox crawling around the island.,$QUEST_END_ITEM_NAME$は、島を這い回るアトロックスのいずれかから見つけることができます。
PROPQUEST_REQUESTBOX_INC_020037,You may find $QUEST_END_ITEM_NAME$ from Tigars around the island.,$QUEST_END_ITEM_NAME$は、島のあちこちのタイガーで見つけることができます。
PROPQUEST_REQUESTBOX_INC_020038,You may find $QUEST_END_ITEM_NAME$ from the Meral patroling the beaches.,$QUEST_END_ITEM_NAME$は、ビーチをパトロールしているメレーから見つけることができます。
PROPQUEST_REQUESTBOX_INC_020039,You may find delicious $QUEST_END_ITEM_NAME$ from Kingsters in shallow waters around the island.,島の周りの浅瀬でKingstersのおいしい$QUEST_END_ITEM_NAME$を見つけることができます。
PROPQUEST_REQUESTBOX_INC_020040,You may find tough $QUEST_END_ITEM_NAME$ from Creper around the beach area.,ビーチエリア周辺のクリーパーのタフな$QUEST_END_ITEM_NAME$を見つけることができます。
PROPQUEST_REQUESTBOX_INC_020041,You may find $QUEST_END_ITEM_NAME$ from Naga around Coral Island.,$QUEST_END_ITEM_NAME$は、コーラル島周辺のナガで見つけることができます。
PROPQUEST_REQUESTBOX_INC_020042,You may find $QUEST_END_ITEM_NAME$ left behind by Dorian around Coral Island.,ドリアンが残した$QUEST_END_ITEM_NAME$は、コーラル島周辺で見つかるかもしれません。
PROPQUEST_REQUESTBOX_INC_020043,"You may find magnificient $QUEST_END_ITEM_NAME$ from Okean, deep in the waters of Coral Island's seas.",珊瑚島の海の奥深くにあるオケアノスから壮大な$QUEST_END_ITEM_NAME$を見つけることができます。
PROPQUEST_REQUESTBOX_INC_020044,You may find $QUEST_END_ITEM_NAME$ inside the bellies of the deep-sea Kraken.,$QUEST_END_ITEM_NAME$は、深海クラーケンの腹の中に見つかるかもしれません。
PROPQUEST_REQUESTBOX_INC_020045,"Please, don't make me go collect $QUEST_END_ITEM_NAME$ all on my own... I'm too busy dreaming up new inventions!",お願いだから、$QUEST_END_ITEM_NAME$を一人で集めに行かせないでくれ。.新しい発明を思いつくのに忙しすぎます!
PROPQUEST_REQUESTBOX_INC_020046,"Thank you for collecting all those $QUEST_END_ITEM_NAME$, adventurer! Soon I'll be soaring the skies with ease. See you at the Rainbow Race!",冒険者の皆さん、$QUEST_END_ITEM_NAME$を全て集めてくれてありがとう!もうすぐ、私は楽々と空を飛ぶことができるでしょう。レインボーレースでお会いしましょう!
PROPQUEST_REQUESTBOX_INC_020047,"Thank you for collecting all those $QUEST_END_ITEM_NAME$, adventurer! Soon I'll have the biggest dagger in Madrigal. Hehehe, catch me showing off to the Demians!",冒険者の皆さん、$QUEST_END_ITEM_NAME$を全て集めてくれてありがとう!もうすぐマドリガルで一番大きな短剣が手に入る。ふ、デミアンに見せびらかすのを捕まえろ!
PROPQUEST_REQUESTBOX_INC_020048,"Thank you for collecting all those $QUEST_END_ITEM_NAME$, adventurer! Soon I'll be able to see the sights without ever leaving my home!",冒険者の皆さん、$QUEST_END_ITEM_NAME$を全て集めてくれてありがとう!もうすぐ、家から出ずに景色を見られるようになります!
PROPQUEST_REQUESTBOX_INC_020049,"Thank you for collecting all those $QUEST_END_ITEM_NAME$, adventurer! We're going to be so full! Eat up, it's time to feast!",冒険者の皆さん、$QUEST_END_ITEM_NAME$を全て集めてくれてありがとう!お腹いっぱいになりそうです!食べて、ごちそうの時間です!
PROPQUEST_REQUESTBOX_INC_020050,"Thank you for collecting all those $QUEST_END_ITEM_NAME$, adventurer! Soon I'll have armor enough to defend Coral Island against all evil!",冒険者の皆さん、$QUEST_END_ITEM_NAME$を全て集めてくれてありがとう!もうすぐ珊瑚島をあらゆる悪から守れるだけの鎧を手に入れよう!
PROPQUEST_REQUESTBOX_INC_020051,"Thank you for collecting all those $QUEST_END_ITEM_NAME$, adventurer! Soon I'll know more about this Purple Magic... Perhaps one day enough to stop its evil from taking over Coral Island.",冒険者の皆さん、$QUEST_END_ITEM_NAME$を全て集めてくれてありがとう!すぐに私はこの紫の魔法についてもっと知るでしょう..いつの日か、その悪がコーラル島を乗っ取るのを止めるのに十分でしょう。
PROPQUEST_REQUESTBOX_INC_020052,"Thank you for collecting all those $QUEST_END_ITEM_NAME$, adventurer! Those fishy creatures have a strange power that makes them age slower than others. Perhaps studying their teeth can give us insight to the Dorian's special powers.",冒険者の皆さん、$QUEST_END_ITEM_NAME$を全て集めてくれてありがとう!これらの魚のような生き物は、他の生き物よりも老化を遅らせる奇妙な力を持っています。もしかしたら、彼らの歯を研究することで、ドリアンの特別な力を知ることができるかもしれません。
PROPQUEST_REQUESTBOX_INC_020053,"Thank you for collecting all those $QUEST_END_ITEM_NAME$, adventurer! It's just a dream... but I hope to one day greet you again as King of Coral Island.",冒険者の皆さん、$QUEST_END_ITEM_NAME$を全て集めてくれてありがとう!ただの夢だ..しかし、いつの日か、珊瑚島の王として再びあなたに挨拶できることを願っています。
PROPQUEST_REQUESTBOX_INC_020054,"Thank you for collecting all those $QUEST_END_ITEM_NAME$, adventurer! I've decided to write these letters and deliver them myself. Thank you for everything... I hope to see you again one day!",冒険者の皆さん、$QUEST_END_ITEM_NAME$を全て集めてくれてありがとう!この手紙を自分で書いて届けることにしました。いつもありがとう..またいつかお会いできる日です!
PROPQUEST_REQUESTBOX_INC_020055,That isn't nearly enough $QUEST_END_ITEM_NAME$ for me to build one of my grand inventions... come back with more!,これは、私の壮大な発明の1つを構築するには、$QUEST_END_ITEM_NAME$が十分ではありません。もっと戻ってきてください!
PROPQUEST_REQUESTBOX_INC_020056,$QUEST_END_NPC_NAME$ cackles with glee! Soon their inventions will become a reality.,$QUEST_END_NPC_NAME$は歓喜の声を上げます!まもなく彼らの発明は現実のものとなるでしょう。
PROPQUEST_REQUESTBOX_INC_020057,The Skulls of the Hundur Sharpfoot,ワークウルフの頭骨
PROPQUEST_REQUESTBOX_INC_020058,"The Hundur Sharpfoot gather near Kaillun’s borders, and their skulls bear strange markings. The Muran need them to decipher the secrets behind their rituals.",ワークウルフはカイルルンの国境付近に集まり、その頭骨には奇妙な紋様が刻まれています。ムランはその儀式の秘密を解き明かすため、頭骨を必要としています。
PROPQUEST_REQUESTBOX_INC_020059,Excellent! The Muran are counting on you. Go gather 325 $QUEST_END_ITEM_NAME$ and return once you have enough. You can find them on the Hundur Sharpfoot.,素晴らしい！ムランはあなたを頼りにしています。$QUEST_END_ITEM_NAME$を325個集めて、十分な数になったら戻ってきてください。ワークウルフから入手できます。
PROPQUEST_REQUESTBOX_INC_020060,I see… but these creatures are growing more aggressive. Come back if you change your mind.,そうですか……ですが、あの生き物たちはますます凶暴化しています。気が変わったら戻ってきてください。
PROPQUEST_REQUESTBOX_INC_020061,"You haven't gathered enough skulls yet… Keep going, each specimen is important to us.",まだ頭骨が十分集まっていませんね……。続けてください、1つ1つの標本が私たちにとって重要なのです。
PROPQUEST_REQUESTBOX_INC_020062,Perfect! These skulls will be of great use to us. Kaillun thanks you for your determination.,完璧です！この頭骨は私たちにとって大いに役立つでしょう。カイルルンはあなたの決意に感謝します。
PROPQUEST_REQUESTBOX_INC_020063,The Skulls of the Samoset,ライカンガードの頭骨
PROPQUEST_REQUESTBOX_INC_020064,The Samoset spirits have grown increasingly aggressive in the plains. The sages of Kaillun seek their skulls to understand the source of their unusual unrest.,ライカンガードの霊は、平原でますます凶暴化しています。カイルルンの賢者たちは、その異常な不穏の原因を理解するため、頭骨を求めています。
PROPQUEST_REQUESTBOX_INC_020065,Thank you! The Samoset spirits are becoming unstable. Bring back 325 $QUEST_END_ITEM_NAME$ from the Samoset so we can analyze their unrest.,ありがとうございます！ライカンガードの霊は不安定になりつつあります。$QUEST_END_ITEM_NAME$を325個、ライカンガードから持ち帰ってください。彼らの不穏を分析するために必要です。
PROPQUEST_REQUESTBOX_INC_020066,Very well… but their unrest intensifies each day. Return if you change your mind.,わかりました……ですが、彼らの不穏は日々強まっています。気が変わったら戻ってきてください。
PROPQUEST_REQUESTBOX_INC_020067,"You still don't have enough… Keep going, we must understand what's disturbing them.",まだ足りません……続けてください、何が彼らを不安にさせているのか理解しなければなりません。
PROPQUEST_REQUESTBOX_INC_020068,Perfect! These skulls will help us uncover the truth. Thank you for your help.,完璧です！この頭骨は真実を解き明かす手がかりになるでしょう。ご協力ありがとうございました。
PROPQUEST_REQUESTBOX_INC_020069,The Claws of the Kyouchish,ライカンセンチネルの爪
PROPQUEST_REQUESTBOX_INC_020070,The Kyouchish have been injuring many Muran scouts with their corrosive strikes. Their claws are needed to craft a protective remedy.,ライカンセンチネルはその腐食性の一撃で多くのムランの偵察兵を負傷させています。防護用の治療薬を作るため、その爪が必要です。
PROPQUEST_REQUESTBOX_INC_020071,Good! Their claws are poisoning our scouts. Bring back 325 $QUEST_END_ITEM_NAME$ from the Kyouchish.,よろしい！彼らの爪は私たちの偵察兵を毒しています。$QUEST_END_ITEM_NAME$を325個、ライカンセンチネルから持ち帰ってください。
PROPQUEST_REQUESTBOX_INC_020072,I understand… but we're running out of remedies. Return if you wish to help.,わかりました……ですが、治療薬が底をつきかけています。協力する気になったら戻ってきてください。
PROPQUEST_REQUESTBOX_INC_020073,"You're still missing some. The Kyouchish are dangerous, stay careful.",まだ足りません。ライカンセンチネルは危険です、気をつけてください。
PROPQUEST_REQUESTBOX_INC_020074,"Excellent! With these claws, our healers can prepare a proper antidote.",素晴らしい！この爪があれば、治療師たちが適切な解毒剤を用意できます。
PROPQUEST_REQUESTBOX_INC_020075,The Kanonicus Antidote,ライカンアーチャーの解毒剤
PROPQUEST_REQUESTBOX_INC_020076,The Kanonicus carry a natural antidote within their dorsal glands. Kaillun urgently needs it to heal warriors poisoned by the Lycans.,ライカンアーチャーは背中の腺に天然の解毒剤を持っています。カイルルンは、ライカンに毒された戦士たちを治療するため、これを緊急に必要としています。
PROPQUEST_REQUESTBOX_INC_020077,Thank you! Their natural antidote is vital for our wounded soldiers. Bring back 325 $QUEST_END_ITEM_NAME$ from the Kanonicus.,ありがとうございます！彼らの天然解毒剤は、負傷した兵士たちにとって不可欠です。$QUEST_END_ITEM_NAME$を325個、ライカンアーチャーから持ち帰ってください。
PROPQUEST_REQUESTBOX_INC_020078,A shame… several warriors are still waiting to be treated.,残念です……何人もの戦士がまだ治療を待っています。
PROPQUEST_REQUESTBOX_INC_020079,"You don’t have enough yet. Hurry, every drop counts.",まだ足りません。急いでください、一滴一滴が大切なのです。
PROPQUEST_REQUESTBOX_INC_020080,"Perfect! Thanks to you, we can finally treat our wounded.",完璧です！あなたのおかげで、ようやく負傷者を治療できます。
PROPQUEST_REQUESTBOX_INC_020081,The Magic Skulls of the Redcloud,ライカンソーサラーの魔法の頭骨
PROPQUEST_REQUESTBOX_INC_020082,The Redcloud generate a mysterious energy within their skulls. Muran shamans want to study this magic to reinforce the city's protective wards.,ライカンソーサラーは頭骨の中に不思議なエネルギーを生み出します。ムランの呪術師たちは、街の防護結界を強化するため、この魔力を研究したいと考えています。
PROPQUEST_REQUESTBOX_INC_020083,Very well! Their skulls contain a mysterious energy. We must study it. Bring back 325 $QUEST_END_ITEM_NAME$ from the Redcloud.,よろしい！彼らの頭骨には不思議なエネルギーが宿っています。研究しなければなりません。$QUEST_END_ITEM_NAME$を325個、ライカンソーサラーから持ち帰ってください。
PROPQUEST_REQUESTBOX_INC_020084,Alright… but this magic could strengthen our defenses.,わかりました……ですが、この魔力は私たちの防御を強化できるはずです。
PROPQUEST_REQUESTBOX_INC_020085,You don’t have enough energy-charged skulls yet. Keep going!,まだエネルギーを帯びた頭骨が足りません。続けてください！
PROPQUEST_REQUESTBOX_INC_020086,Excellent work! These skulls are a true source of power.,見事です！この頭骨はまさに力の源です。
PROPQUEST_REQUESTBOX_INC_020087,The Devil’s Teeth,デビルスピリットの牙
PROPQUEST_REQUESTBOX_INC_020088,A strange corruption spreads through Kaillun as Devil Spirits multiply. Their teeth contain a demonic essence the sages wish to seal away.,デビルスピリットが増殖するにつれ、カイルルンには奇妙な穢れが広がっています。その牙には悪魔の本質が宿っており、賢者たちはそれを封印したいと考えています。
PROPQUEST_REQUESTBOX_INC_020089,Be brave! The Devil Spirits are growing in number. Their teeth must be sealed. Bring back 325 $QUEST_END_ITEM_NAME$ from the Devil Spirits.,勇気を出してください！デビルスピリットは数を増しています。その牙を封印しなければなりません。$QUEST_END_ITEM_NAME$を325個、デビルスピリットから持ち帰ってください。
PROPQUEST_REQUESTBOX_INC_020090,I understand… but their influence spreads further each night. Return carefully.,わかりました……ですが、彼らの影響は夜ごとに広がっています。気をつけて戻ってきてください。
PROPQUEST_REQUESTBOX_INC_020091,Not enough teeth to contain the demonic energy yet. Keep gathering.,悪魔のエネルギーを封じ込めるには、まだ牙が足りません。集め続けてください。
PROPQUEST_REQUESTBOX_INC_020092,Very good! These teeth will be purified and neutralized. You’ve done us a great service.,とても良いです！この牙は浄化され、無力化されるでしょう。大変な貢献をしていただきました。
PROPQUEST_REQUESTBOX_INC_020093,The Bloodstained Fangs of the Hellhound,スケルトンジャッカルの血染めの牙
PROPQUEST_REQUESTBOX_INC_020094,"Hellhounds roam dangerously close to Kaillun, and their bloodied fangs leave lingering wounds. The Muran need them to forge weapons capable of driving these beasts back.",スケルトンジャッカルはカイルルンの危険なほど近くを徘徊し、その血に染まった牙は治りにくい傷を残します。ムランは、この獣たちを撃退できる武器を鍛えるため、それを必要としています。
PROPQUEST_REQUESTBOX_INC_020095,Perfect! Their blood-soaked fangs are deadly. Bring back 325 $QUEST_END_ITEM_NAME$ from the Hellhounds to us for forging.,完璧です！彼らの血染めの牙は凶悪です。$QUEST_END_ITEM_NAME$を325個、スケルトンジャッカルから持ち帰ってください。鍛冶に使います。
PROPQUEST_REQUESTBOX_INC_020096,Very well… but the Hellhounds still lurk around Kaillun.,わかりました……ですが、スケルトンジャッカルは今もカイルルン周辺に潜んでいます。
PROPQUEST_REQUESTBOX_INC_020097,You don’t have enough. Their fangs are essential to forge weapons that can repel them.,まだ足りません。彼らを撃退できる武器を鍛えるには、その牙が不可欠です。
PROPQUEST_REQUESTBOX_INC_020098,"Excellent work! Thanks to you, we can forge weapons worthy of the finest Muran warriors.",見事です！あなたのおかげで、最高のムラン戦士にふさわしい武器を鍛えられます。
PROPQUEST_REQUESTBOX_INC_020099,$QUEST_END_NPC_NAME$ thanks you from the bottom of his heart! Glory to the Murans!,$QUEST_END_NPC_NAME$は心の底からあなたに感謝しています！ムランに栄光あれ！
